id,thread_id,timestamp,unix_timestamp,link,body,author,author_fullname,author_id,author_avatar_url,author_banner_url,source,language_guess,possibly_sensitive,retweet_count,reply_count,like_count,quote_count,impression_count,is_retweet,retweeted_user,is_quote_tweet,quoted_user,is_quote_withheld,is_reply,replied_user,is_withheld,hashtags,urls,images,videos,mentions,long_lat,place_name
1837422709774372991,1837422709774372991,2024-09-21 09:24:46,1726910686,https://x.com/elonmusk/status/1837422709774372991,"If the left hadn‚Äôt on the left then they would be the right
 https://t.co/yktDJcU8Su",elonmusk,Elon Musk,44196397,https://pbs.twimg.com/profile_images/1815749056821346304/jS8I28PL_normal.jpg,https://pbs.twimg.com/profile_banners/44196397/1726163678,Twitter for iPhone,en,no,1040,1221,6532,66,2643489,no,,no,,no,no,,no,,https://x.com/i/grok/share/dGQLrGqHGVtcLXhQpYCZB9ETn,,,,,
1837244639927226544,1837244639927226544,2024-09-20 21:37:11,1726868231,https://x.com/TaraBull808/status/1837244639927226544,Does anyone know this man? https://t.co/x1GH2pXj28,TaraBull808,TaraBull,1374968033265864706,https://pbs.twimg.com/profile_images/1575977223797952512/lDUcgkJy_normal.jpg,https://pbs.twimg.com/profile_banners/1374968033265864706/1685170251,Twitter for Android,en,no,7720,8535,41108,1030,10737052,no,,no,,no,no,,no,,,,https://pbs.twimg.com/ext_tw_video_thumb/1837244583677415425/pu/img/eQ8INVQwZxX7nUbA.jpg,,,
1837207199988535686,1837207199988535686,2024-09-20 19:08:24,1726859304,https://x.com/CollinRugg/status/1837207199988535686,"JUST IN: 15-year-old Carly Gregg found guilty of m*rdering her mother.

She was found of first-degree m*rder, attempted m*rder, and tampering with evidence.

Gregg snuck up on her mother, who found out about her ‚Äòsecret life,‚Äô before sh**ting and k*lling her.

The mother, Ashley https://t.co/AYqmmgGd1E",CollinRugg,Collin Rugg,890061634181373952,https://pbs.twimg.com/profile_images/1325087660428447746/4DL2iq76_normal.jpg,https://pbs.twimg.com/profile_banners/890061634181373952/1613522799,Twitter for iPhone,en,no,3754,2108,26520,582,8145183,no,,no,,no,no,,no,,,,https://pbs.twimg.com/amplify_video_thumb/1837207073911926784/img/omDpwI8RhPf4Zhcz.jpg,,,
1837191851972948385,1837191851972948385,2024-09-20 18:07:25,1726855645,https://x.com/ChampagneAnyone/status/1837191851972948385,how is she getting all these guests?? https://t.co/dhP94Z0lsX,ChampagneAnyone,andy from 5 to 7,585950747,https://pbs.twimg.com/profile_images/667568261781811201/1iruxefC_normal.jpg,https://pbs.twimg.com/profile_banners/585950747/1401466565,Twitter Web App,en,no,10496,1016,239416,381,9749516,no,,no,,no,no,,no,,,https://pbs.twimg.com/media/GX8EPj1W8AE9t2P.jpg,,,,
1837356139819725198,1837356139819725198,2024-09-21 05:00:14,1726894814,https://x.com/InternetH0F/status/1837356139819725198,Their boss said if anyone made this putt they can all leave early üòÇ https://t.co/rEvJSdrueL,InternetH0F,internet hall of fame,1486473049146904576,https://pbs.twimg.com/profile_images/1568417445211152388/YsUHG-Ea_normal.jpg,https://pbs.twimg.com/profile_banners/1486473049146904576/1661958065,Buffer,en,no,2904,412,65464,201,5898325,no,,no,,no,no,,no,,,,https://pbs.twimg.com/ext_tw_video_thumb/1837356115153035264/pu/img/XvHK6YwHVm_J_lp8.jpg,,,
1837343688831422767,1837343688831422767,2024-09-21 04:10:46,1726891846,https://x.com/BaddCompani/status/1837343688831422767,PANIC AT THE DISCOüòÜ https://t.co/MP4AxePJNi,BaddCompani,Badd Company,868673067223887872,https://pbs.twimg.com/profile_images/1199782632009003008/npMfb22U_normal.jpg,https://pbs.twimg.com/profile_banners/868673067223887872/1648270502,Twitter Web App,en,no,1888,2141,15465,421,488958,no,,no,,no,no,,no,,,https://pbs.twimg.com/media/GX-OVnIaUAQx2Vc.png,,,,
1837251738954502218,1837251738954502218,2024-09-20 22:05:23,1726869923,https://x.com/ChuckCallesto/status/1837251738954502218,"BREAKING REPORT: Trump song reaches # 1 on the charts.. 

MEDIA WOULD HATE IF YOU SHARED THIS.. 

https://t.co/BFto2eV6vo",ChuckCallesto,Chuck Callesto,4765364386,https://pbs.twimg.com/profile_images/1598018334489968643/050LunT9_normal.jpg,https://pbs.twimg.com/profile_banners/4765364386/1648089309,Twitter for iPhone,en,no,24328,1814,65727,653,2030988,no,,no,,no,no,,no,,,,https://pbs.twimg.com/amplify_video_thumb/1837153903701270528/img/j6J5xE05_MITWcFF.jpg,,,
1837363341360046429,1837363341360046429,2024-09-21 05:28:51,1726896531,https://x.com/rawsalerts/status/1837363341360046429,"üö®#BREAKING: Over 50 juveniles ride their bikes and storm into a 7-Eleven, ransacking and trashing the store

üìå#BeverlyHills | #California

Watch wild video as over 50 juveniles ride their bikes into a 7-Eleven parking lot in Beverly Hills, California. With their faces covered https://t.co/0b6QV2FVHA",rawsalerts,R A W S A L E R T S,1176026136117166080,https://pbs.twimg.com/profile_images/1603089247313035264/ZRPrAxM1_normal.jpg,https://pbs.twimg.com/profile_banners/1176026136117166080/1704687518,Twitter for iPhone,en,no,2741,1893,7250,688,1015242,no,,no,,no,no,,no,"BREAKING,BeverlyHills,California",,,https://pbs.twimg.com/amplify_video_thumb/1837363200104263680/img/ujCg-s5-enWsiZdo.jpg,,,
1837170200183198192,1837170200183198192,2024-09-20 16:41:23,1726850483,https://x.com/jasper_truth/status/1837170200183198192,EVERYTHING IS COMING OUT!  WILL SMITH'S BEST FRIEND CAUGHT HIM IN THE ACT! https://t.co/SfojJhk3Wf,jasper_truth,JasperTruth,1519395848710369280,https://pbs.twimg.com/profile_images/1835039718129778692/LBdA9W4Y_normal.jpg,https://pbs.twimg.com/profile_banners/1519395848710369280/1725644277,Twitter Web App,en,no,3893,655,21703,468,10185927,no,,no,,no,no,,no,,,,https://pbs.twimg.com/ext_tw_video_thumb/1837169278069694464/pu/img/I4q88rpAx_opwZVF.jpg,,,
1837176567199420861,1837176567199420861,2024-09-20 17:06:41,1726852001,https://x.com/PostsOfCats/status/1837176567199420861,teeny little foster void finally hit one pound and she is already fighting a carrot. https://t.co/a6k3yVTCXX,PostsOfCats,Posts Of Cats,1467075696463917056,https://pbs.twimg.com/profile_images/1623992191268839424/afgp0HTj_normal.jpg,https://pbs.twimg.com/profile_banners/1467075696463917056/1707493036,Buffer,en,no,4407,369,51800,239,933228,no,,no,,no,no,,no,,,,https://pbs.twimg.com/ext_tw_video_thumb/1837176543556124672/pu/img/z1d_3yaBxfwjwZI3.jpg,,,
1837172662549803099,1837172662549803099,2024-09-20 16:51:10,1726851070,https://x.com/Rainmaker1973/status/1837172662549803099,"Ling Jun is a Chinese painter who creates hyper-realistic paintings and drawings that literally look like photographs.
https://t.co/2RrYXrNRXc",Rainmaker1973,Massimo,177101260,https://pbs.twimg.com/profile_images/914888589670043654/KVvwjcWA_normal.jpg,https://pbs.twimg.com/profile_banners/177101260/1422214939,Twitter Web App,en,no,8761,777,89780,382,8130053,no,,no,,no,no,,no,,,,https://pbs.twimg.com/amplify_video_thumb/1837168113780985856/img/DuOAiBFqP9upZ_sB.jpg,,,
1837227808176685454,1837227808176685454,2024-09-20 20:30:18,1726864218,https://x.com/ShouldHaveCat/status/1837227808176685454,he even showed his favorite scratching spotü•πü•π https://t.co/X5C5tZLccP,ShouldHaveCat,Why you should have a cat,1310275768191193088,https://pbs.twimg.com/profile_images/1365068242918780928/m278bxAZ_normal.jpg,https://pbs.twimg.com/profile_banners/1310275768191193088/1603367034,Buffer,en,no,12753,149,122865,158,2701683,no,,no,,no,no,,no,,,,https://pbs.twimg.com/ext_tw_video_thumb/1837227769832341504/pu/img/hCenzEg0iLC8yY5P.jpg,,,
1837301348271792499,1837301348271792499,2024-09-21 01:22:31,1726881751,https://x.com/stillgray/status/1837301348271792499,They should do this program in every prison. https://t.co/2TG0LTTR4O,stillgray,Ian Miles Cheong,16106584,https://pbs.twimg.com/profile_images/1758737917638508544/lmdvybKp_normal.jpg,https://pbs.twimg.com/profile_banners/16106584/1662227888,Twitter for iPhone,en,no,4411,820,24993,472,980220,no,,no,,no,no,,no,,,,https://pbs.twimg.com/amplify_video_thumb/1837301229371756546/img/jKYg9i6EbSo7fv3w.jpg,,,
1837336948744032751,1837336948744032751,2024-09-21 03:43:59,1726890239,https://x.com/barstoolsports/status/1837336948744032751,"It‚Äôs been 2,926 days since Nebraska beat a ranked team 

 https://t.co/9O7wJeWnQp",barstoolsports,Barstool Sports,22637974,https://pbs.twimg.com/profile_images/1222128514624892935/zC0ABl3m_normal.jpg,https://pbs.twimg.com/profile_banners/22637974/1723410578,Twitter for iPhone,en,no,543,332,13562,134,2166966,no,,no,,no,no,,no,,,,https://pbs.twimg.com/media/GX-Hti9W0AAPRLA.jpg,,,
1837423761554890992,1837423761554890992,2024-09-21 09:28:57,1726910937,https://x.com/buitengebieden/status/1837423761554890992,Shelter dog says goodbye to staff members after getting adopted.. https://t.co/XEOCrpDy0I,buitengebieden,Buitengebieden,1130021685351079938,https://pbs.twimg.com/profile_images/1130022182971760640/FlbICzEn_normal.jpg,https://pbs.twimg.com/profile_banners/1130021685351079938/1558253468,Twitter for iPhone,en,no,1137,144,19566,54,697464,no,,no,,no,no,,no,,,,https://pbs.twimg.com/amplify_video_thumb/1837423706856886273/img/FqZlKC-HR-04JBek.jpg,,,
1837256243104424438,1837256243104424438,2024-09-20 22:23:17,1726870997,https://x.com/upblissed/status/1837256243104424438,https://t.co/9VSCDTBk2D,upblissed,Corn ‚úß‚ç£,1572446416496099329,https://pbs.twimg.com/profile_images/1646213816084987913/riQEthlg_normal.jpg,https://pbs.twimg.com/profile_banners/1572446416496099329/1686781702,Twitter for iPhone,zxx,no,2903,85,55625,148,1310125,no,,no,,no,no,,no,,,https://pbs.twimg.com/media/GX8-0S-W0AAr1nz.jpg,,,,
1837227437358559688,1837227437358559688,2024-09-20 20:28:49,1726864129,https://x.com/Frazzy_Bear/status/1837227437358559688,Anyway besides that I‚Äôm dying at this THE SCREAM https://t.co/nWCbgl0kO3,Frazzy_Bear,‚òÖ FrazzyBear ‚òÖ,1318748020511363072,https://pbs.twimg.com/profile_images/1758425280065191936/8tmYmOZh_normal.jpg,https://pbs.twimg.com/profile_banners/1318748020511363072/1725804048,Twitter for iPad,en,no,5702,321,45910,463,1376367,no,,no,,no,no,,no,,,,https://pbs.twimg.com/ext_tw_video_thumb/1837227416768630785/pu/img/OCB8lc4Xrvtvb01X.jpg,,,
1837174648229801999,1837174648229801999,2024-09-20 16:59:03,1726851543,https://x.com/DiscussingFilm/status/1837174648229801999,New teaser for ‚ÄòBATMAN NINJA VS YAKUZA LEAGUE‚Äô. https://t.co/iTt8xZsb7R,DiscussingFilm,DiscussingFilm,780460754910732288,https://pbs.twimg.com/profile_images/1706429397467549696/hmvwfChQ_normal.jpg,https://pbs.twimg.com/profile_banners/780460754910732288/1695679459,Twitter for iPhone,en,no,10853,622,90068,1902,4261293,no,,no,,no,no,,no,,,,https://pbs.twimg.com/ext_tw_video_thumb/1837030514890526724/pu/img/_8C8flv69-JzSZry.jpg,,,
1837260046582833536,1837260046582833536,2024-09-20 22:38:24,1726871904,https://x.com/Glock_Topickz/status/1837260046582833536,Jamie Foxx ends his live after Jerry Jones seemingly started talking about player‚Äôs meat sizes https://t.co/gytzP7EawS,Glock_Topickz,Glock Topickz,1259060195566764032,https://pbs.twimg.com/profile_images/1708868703704514561/YZMUkXQh_normal.jpg,https://pbs.twimg.com/profile_banners/1259060195566764032/1696261365,Twitter for iPhone,en,no,2792,912,26134,2112,3249690,no,,no,,no,no,,no,,,"https://pbs.twimg.com/media/GX9CEN_XAAAlD66.jpg,https://pbs.twimg.com/media/GX9CEN_WIAA5jH2.jpg",https://pbs.twimg.com/amplify_video_thumb/1837259813253750784/img/42PKKCwCoqlK_NzC.jpg,,,
1837289383717683511,1837289383717683511,2024-09-21 00:34:58,1726878898,https://x.com/TribalMegastar/status/1837289383717683511,"""Just put the fries in the bag bro, you're washed"" - Carmelo Hayes

NO WAY THIS WAS SAID ON WWE TV üò≠

LMFAOOOOOOOO

#SmackDown https://t.co/A2Pdf5Yj6n",TribalMegastar,TribaI Wrestling,1708835822491848704,https://pbs.twimg.com/profile_images/1758226287942844418/XbP0dYmY_normal.jpg,https://pbs.twimg.com/profile_banners/1708835822491848704/1726355374,Twitter Web App,en,no,1837,303,27585,183,945066,no,,no,,no,no,,no,SmackDown,,,https://pbs.twimg.com/ext_tw_video_thumb/1837289266671484928/pu/img/XwayOpFpDq7idoi5.jpg,,,
1837193879189102856,1837193879189102856,2024-09-20 18:15:28,1726856128,https://x.com/_MLFootball/status/1837193879189102856,"TRENDING: #Panthers QB Bryce Young‚Äôs girlfriend Myra Gordon is now dating #NBA star Tyrese Maxey.

Gordon previously dated Shedeur Sanders &amp; Jalen Green.

(üì∏ @TotalProSports) https://t.co/XgZSOoKPgg",_MLFootball,MLFootball,1494072723001286658,https://pbs.twimg.com/profile_images/1610369575412981763/Yfb_4rs1_normal.jpg,https://pbs.twimg.com/profile_banners/1494072723001286658/1710846024,Twitter for iPhone,en,no,475,2192,14839,1147,2901065,no,,no,,no,no,,no,"Panthers,NBA",,https://pbs.twimg.com/media/GX8GGKLWwAAq59F.jpg,,TotalProSports,,
1837195051127935131,1837195051127935131,2024-09-20 18:20:08,1726856408,https://x.com/WeedPorns/status/1837195051127935131,Who remembers this guy trynna light the bowl like a crack pipe üòÇ https://t.co/yapUsvz922,WeedPorns,Weed Porn,2430796532,https://pbs.twimg.com/profile_images/452866877698502656/2dWtZCW1_normal.jpeg,https://pbs.twimg.com/profile_banners/2430796532/1594247980,Buffer,en,no,1338,250,19531,211,1693373,no,,no,,no,no,,no,,,,https://pbs.twimg.com/ext_tw_video_thumb/1837195021780434944/pu/img/oWvNj6BBxr_5lGBa.jpg,,,
1837317882117505440,1837317882117505440,2024-09-21 02:28:13,1726885693,https://x.com/FearedBuck/status/1837317882117505440,we hitting unc status  https://t.co/b1xgNH2E1c,FearedBuck,FearBuck,1594871021978652673,https://pbs.twimg.com/profile_images/1767253449295470592/1mP-x_PT_normal.jpg,https://pbs.twimg.com/profile_banners/1594871021978652673/1698164514,Twitter for iPhone,en,no,5889,286,56773,233,1144400,no,,no,,no,no,,no,,,,https://pbs.twimg.com/amplify_video_thumb/1837317308307456000/img/ONU65CSR8NHq0Gb8.jpg,,,
1837235394745675814,1837235394745675814,2024-09-20 21:00:26,1726866026,https://x.com/AMAZlNGNATURE/status/1837235394745675814,I love the ‚ÄúI‚Äôm coming in hot‚Ä¶ but gentle‚Äù‚ò∫Ô∏è https://t.co/uNddmbtg6Q,AMAZlNGNATURE,Nature is Amazing ‚òòÔ∏è,2828212668,https://pbs.twimg.com/profile_images/992795937574604802/FMGk7GZN_normal.jpg,https://pbs.twimg.com/profile_banners/2828212668/1523314160,Buffer,en,no,3538,391,58598,189,3705987,no,,no,,no,no,,no,,,,https://pbs.twimg.com/ext_tw_video_thumb/1837235359001747456/pu/img/wGzDWoI1do0eRnX4.jpg,,,
1837212126139547996,1837212126139547996,2024-09-20 19:27:59,1726860479,https://x.com/cynfinite/status/1837212126139547996,"I'm eating Haitian food by a woman who owns a cafe in Crown Heights you'd miss if you walk too fast. I visit her every time I'm home.

We're catching up for an hour. Just us. Talking about adventures &amp; self-trust...

When she goes, ""Lemme go deposit money. Watch my shop."" https://t.co/3aOqQB3Y77",cynfinite,her name is cyn üîÖ,22091042,https://pbs.twimg.com/profile_images/1827806809211424768/RR0lxWt3_normal.jpg,https://pbs.twimg.com/profile_banners/22091042/1667951452,Twitter Web App,en,no,7926,472,192924,510,5753757,no,,no,,no,no,,no,,,https://pbs.twimg.com/media/GX8VZvjXkAAos5O.png,,,,
1837279127126040986,1837279127126040986,2024-09-20 23:54:13,1726876453,https://x.com/ArtOfDialogue_/status/1837279127126040986,"Freddy P, ex-member of Diddy's group Da Band, speaks about how music executives used Diddy to convince artists to give up their booty and royalties for a record deal.

(üé• The Art Of Dialogue/YouTube) https://t.co/FWdwSWrRe8",ArtOfDialogue_,The Art Of Dialogue,924154962304815105,https://pbs.twimg.com/profile_images/1521915007864295430/DXEnd09Y_normal.jpg,https://pbs.twimg.com/profile_banners/924154962304815105/1651687844,Twitter Web App,en,no,3161,376,14312,370,1766821,no,,no,,no,no,,no,,,,https://pbs.twimg.com/ext_tw_video_thumb/1837278942366924800/pu/img/QH87LeELe1AJFP6R.jpg,,,
1837330362503995839,1837330362503995839,2024-09-21 03:17:49,1726888669,https://x.com/DefiyantlyFree/status/1837330362503995839,These are the conversations going on in churches in Detroit. I‚Äôm telling you guys again the paradigm shift that is happening in real time is extraordinary. https://t.co/NUenO1rzxH,DefiyantlyFree,Insurrection Barbie,1560341081576939524,https://pbs.twimg.com/profile_images/1813640743438729216/JtAtJLGW_normal.jpg,https://pbs.twimg.com/profile_banners/1560341081576939524/1681050926,Twitter for iPhone,en,no,2309,155,8164,65,135669,no,,no,,no,no,,no,,,,https://pbs.twimg.com/amplify_video_thumb/1837330297009876995/img/5iK1j8m0KF00fHso.jpg,,,
1837219848478412935,1837219848478412935,2024-09-20 19:58:40,1726862320,https://x.com/AJamesMcCarthy/status/1837219848478412935,"A traveled to the top of a Volcano in Hawaii to capture this: Saturn briefly covered by the moon. One of the most difficult shots I‚Äôve captured and a bucket list moment, this event gave me a new perspective on the solar system. 

I‚Äôll have it available in print for a short time. https://t.co/hA4k9m8eyT",AJamesMcCarthy,Andrew McCarthy,2492039959,https://pbs.twimg.com/profile_images/465979126185091072/ukRk-mfd_normal.jpeg,https://pbs.twimg.com/profile_banners/2492039959/1633733103,Twitter for iPhone,en,no,8982,1883,76442,629,3428263,no,,no,,no,no,,no,,,https://pbs.twimg.com/media/GX8dtpqXkAALpww.jpg,,,,
1827048181223305332,1827048181223305332,2024-08-23 18:20:05,1724437205,https://x.com/tastytrade/status/1827048181223305332,The tools. The data. The support. No wonder why serious traders choose tastytrade.,tastytrade,tastytrade,772321020,https://pbs.twimg.com/profile_images/1627672610031955970/HKhvfVGT_normal.jpg,https://pbs.twimg.com/profile_banners/772321020/1678742660,advertiser-interface,en,no,2,0,13,0,80198,no,,no,,no,no,,no,,,,,,,
1837287162619854929,1837287162619854929,2024-09-21 00:26:09,1726878369,https://x.com/catturd2/status/1837287162619854929,We‚Äôre going to win because we have God on our side.,catturd2,Catturd ‚Ñ¢,1043185714437992449,https://pbs.twimg.com/profile_images/1043187066832650240/6iaOQ7xL_normal.jpg,https://pbs.twimg.com/profile_banners/1043185714437992449/1700734478,Twitter for iPhone,en,no,4809,4711,35199,416,621854,no,,no,,no,no,,no,,,,,,,
1837250719251894275,1837250719251894275,2024-09-20 22:01:20,1726869680,https://x.com/KHOU/status/1837250719251894275,BREAKING: Turkey Leg Hut has been shut down by the Houston Health Department for 35 health code violations. #khou11 https://t.co/TnC2dlTKVO,KHOU,KHOU 11 News Houston,15791186,https://pbs.twimg.com/profile_images/1686134935202009088/jF1G2_lb_normal.jpg,https://pbs.twimg.com/profile_banners/15791186/1719326772,Social News Desk (Q),en,no,1525,249,4262,1953,3694201,no,,no,,no,no,,no,khou11,https://www.khou.com/article/news/local/turkey-leg-hut-health-code-violations/285-0281ac72-9489-4c6e-a5f3-7e4cc91889d3,,,,,
1837182011099738404,1837182011099738404,2024-09-20 17:28:19,1726853299,https://x.com/GloTheofficial/status/1837182011099738404,Dese niggas ain‚Äôt got no type dey want a stupid bitch !!!,GloTheofficial,GloRilla ü¶ç,1037061988638228481,https://pbs.twimg.com/profile_images/1836878971872346112/yK0eo8OV_normal.jpg,https://pbs.twimg.com/profile_banners/1037061988638228481/1726762573,Twitter for iPhone,en,no,7313,346,17677,581,700618,no,,no,,no,no,,no,,,,,,,
1837339035687412042,1837339035687412042,2024-09-21 03:52:16,1726890736,https://x.com/johnrich/status/1837339035687412042,Rest well knowing there are good guys killing bad guys this very minute. What you‚Äôre not aware of would blow your mind. God bless our SFüá∫üá∏,johnrich,John Richüá∫üá∏,16869718,https://pbs.twimg.com/profile_images/1784252718506209280/uF1g9rVg_normal.jpg,https://pbs.twimg.com/profile_banners/16869718/1717249255,Twitter for iPhone,en,no,2682,491,21048,67,553628,no,,no,,no,no,,no,,,,,,,
1828159996275695764,1828159996275695764,2024-08-26 19:58:03,1724702283,https://x.com/XBusiness/status/1828159996275695764,"Supercharge your business on X! üìà

Receive a $500 ad credit on us when you invest your first $250 in X Ads in 2024 (T&amp;Cs apply)",XBusiness,Business,121291606,https://pbs.twimg.com/profile_images/1683501317929549830/oBdmDQ8f_normal.jpg,https://pbs.twimg.com/profile_banners/121291606/1690212967,Twitter for Advertisers,en,no,360,0,3243,67,32186396,no,,no,,no,no,,no,,,,,,,
1835537616042905711,1835537616042905711,2024-09-16 04:34:04,1726461244,https://x.com/upuknews1/status/1835537616042905711,"#BREAKING : WHO approves Bavarian Nordic's MVA-BN as 1st vaccine against Mpox.

#Mpox #Mpox2024 #MpoxAwareness #MpoxVirus #monkeypox #WHO #HealthEmergency #MonkeypoxVirus #BavarianNordic #MpoxUpdate #mpoxoutbreak #MpoxNews #MpoxVaccine https://t.co/B6spaBKDNz",upuknews1,upuknews,1413874352840269829,https://pbs.twimg.com/profile_images/1821891186749001728/5F4LcgfH_normal.jpg,https://pbs.twimg.com/profile_banners/1413874352840269829/1723015692,Twitter Web App,en,no,2,3,4,0,4418,no,,no,,no,no,,no,"BREAKING,Mpox,Mpox2024,MpoxAwareness,MpoxVirus,monkeypox,WHO,HealthEmergency,MonkeypoxVirus,BavarianNordic,MpoxUpdate,mpoxoutbreak,MpoxNews,MpoxVaccine",,"https://pbs.twimg.com/media/GXkbUKBakAAwiSh.png,https://pbs.twimg.com/media/GXkcDOnawAA2Kh7.png,https://pbs.twimg.com/media/GXkcGCPbkAEx6oR.png",https://pbs.twimg.com/ext_tw_video_thumb/1835529241083138048/pu/img/wa-oifiwohHeXFzR.jpg,,,
1837496989614821736,1837496989614821736,2024-09-21 14:19:56,1726928396,https://x.com/apexworldnews/status/1837496989614821736,"Dr. Mike Ryan, WHO: ""It is very important to have (mpox) vaccines for kids. It's really important that when this program is implemented that we're in a position to be able to vaccinate children.""

@newstart_2024 https://t.co/IrmlZ2ysFG",apexworldnews,Apex World News,804956206179766272,https://pbs.twimg.com/profile_images/1256478037685800960/LJJtq5a2_normal.jpg,https://pbs.twimg.com/profile_banners/804956206179766272/1588232136,Twitter Web App,en,no,0,0,0,0,187,no,,no,,no,no,,no,,,,https://pbs.twimg.com/ext_tw_video_thumb/1837496898027970560/pu/img/yqyV1I6kPaVmSLHa.jpg,newstart_2024,,
1837515876179845219,1837515876179845219,2024-09-21 15:34:58,1726932898,https://x.com/Newswalletmedia/status/1837515876179845219,"World Health Organization (#WHO) has stepped up #Mpox surveillance in South Sudan as the number of cases continues to rise across Africa.
   
Since January, this year, #Africa has recorded 29,152 Mpox cases, including 6,105 confirmed cases and 738 deaths. https://t.co/MwKvOojSoB",Newswalletmedia,Newswallet,1542800587699367936,https://pbs.twimg.com/profile_images/1741486725300695040/xyvuxciP_normal.jpg,https://pbs.twimg.com/profile_banners/1542800587699367936/1704025318,Twitter for Android,en,no,0,0,0,0,51,no,,no,,no,no,,no,"WHO,Mpox,Africa",,https://pbs.twimg.com/media/GYAq8xfWAAAosZH.jpg,,,,
1835724842525405443,1835724842525405443,2024-09-16 16:58:03,1726505883,https://x.com/Sarabi_Noni/status/1835724842525405443,Some information on Mpox https://t.co/Toxv5k6I7o,Sarabi_Noni,Gathoni Muriithi,262569619,https://pbs.twimg.com/profile_images/1296762352478625792/TZOeAdkx_normal.jpg,https://pbs.twimg.com/profile_banners/262569619/1598007335,Twitter for iPhone,en,no,11,2,10,0,4678,no,,no,,no,no,,no,,,"https://pbs.twimg.com/media/GXnOAnmWEAAZZF0.jpg,https://pbs.twimg.com/media/GXnOAnkX0AAjbn9.jpg",,,,
1837523683545698439,1837523683545698439,2024-09-21 16:06:00,1726934760,https://x.com/WHSS_ON/status/1837523683545698439,"Mpox is a rare disease that is caused by infection with the mpox virus. While the risk of contracting mpox in Canada is low, cases have been reported. Mpox is characterized by flu-like symptoms.

Please visit¬†¬†https://t.co/u0eBxUME2e¬†for more information. https://t.co/CxygQNIHTt",WHSS_ON,WHSS,573918570,https://pbs.twimg.com/profile_images/1096475697109843968/TmSiQaQw_normal.png,https://pbs.twimg.com/profile_banners/573918570/1678812298,Twitter Web App,en,no,0,0,0,0,21,no,,no,,no,no,,no,,https://www.canada.ca/en/public-health/services/diseases/mpox/outbreak-update.html#,https://pbs.twimg.com/media/GXIIaY1W4AEopMu.jpg,,,,
1837480913766437220,1837478970230821002,2024-09-21 13:16:03,1726924563,https://x.com/sapicupu12/status/1837480913766437220,"This is before and after picture
Imagine how painfull the mpox and your face become black like that. https://t.co/T3NWejPMs2",sapicupu12,Rowandhy Saleh,109488171,https://pbs.twimg.com/profile_images/1824665825107972096/xmWN3ED9_normal.jpg,https://pbs.twimg.com/profile_banners/109488171/1723869208,Twitter for Android,en,no,0,1,1,0,61,no,,no,,no,yes,sapicupu12,no,,,"https://pbs.twimg.com/media/GYALJsnaYAAcWmH.jpg,https://pbs.twimg.com/media/GYALJsub0AUWIOg.jpg,https://pbs.twimg.com/media/GYALJzpbMAA6oKa.jpg",,,,
1836601403445293339,1836601403445293339,2024-09-19 03:01:11,1726714871,https://x.com/1hsgdghsh/status/1836601403445293339,Mpox üò∞ https://t.co/1Yvk8EK0OP,1hsgdghsh,Yodu,1813697638438739968,https://pbs.twimg.com/profile_images/1834715664889630720/SdVS_DvG_normal.jpg,https://pbs.twimg.com/profile_banners/1813697638438739968/1726061382,Twitter for Android,pt,no,0,1,7,0,636,no,,no,,no,no,,no,,,https://pbs.twimg.com/media/GXzrPiEWUAA-rhv.jpg,,,,
1837527573342961688,1837502666777252197,2024-09-21 16:21:27,1726935687,https://x.com/ekk22r/status/1837527573342961688,@Mpox_FCB @LPronosL @6 Parrainage bourso revolut Unibet sinon ? Winamax dispo aussi widilo bref si t‚Äôas besoin d‚Äôun parrain je suis l√† y‚Äôa https://t.co/4RHeQimllQ,ekk22r,eklamelooüí´,1517594179525820422,https://pbs.twimg.com/profile_images/1819114157645459456/nZA3Q8Yi_normal.jpg,https://pbs.twimg.com/profile_banners/1517594179525820422/1716156363,Twitter for iPhone,fr,no,0,1,0,0,52,no,,no,,no,yes,Mpox_FCB,no,,,https://pbs.twimg.com/media/GYA1lm3W8AAkmFF.jpg,,"Mpox_FCB,LPronosL,6",,
1837013241303589089,1837013241303589089,2024-09-20 06:17:41,1726813061,https://x.com/c_kivuruga/status/1837013241303589089,Ugonjwa unaitwa Mpox. https://t.co/tMxbIzQ4KQ,c_kivuruga,Chamlile R Kivuruga,2725698933,https://pbs.twimg.com/profile_images/863694123693375488/iEFTeRCW_normal.jpg,https://pbs.twimg.com/profile_banners/2725698933/1663337885,Twitter for Android,ht,no,0,0,0,0,272,no,,no,,no,no,,no,,,https://pbs.twimg.com/media/GX5hzq3XoAACPdd.jpg,,,,
1837496620713161018,1837496620713161018,2024-09-21 14:18:28,1726928308,https://x.com/mathrubhuminews/status/1837496620713161018,"‡¥Ü‡¥≤‡¥™‡µç‡¥™‡µÅ‡¥¥‡¥Ø‡¥ø‡¥≤‡µÅ‡¥Ç ‡¥é‡¥Ç ‡¥™‡µã‡¥ï‡µç‡¥∏‡µç ‡¥∏‡¥Ç‡¥∂‡¥Ø‡¥Ç; ‡¥µ‡¥ø‡¥¶‡µá‡¥∂‡¥§‡µç‡¥§‡µç ‡¥®‡¥ø‡¥®‡µç‡¥®‡µÅ‡¥Æ‡µÜ‡¥§‡µç‡¥§‡¥ø‡¥Ø ‡¥µ‡µç‡¥Ø‡¥ï‡µç‡¥§‡¥ø ‡¥Æ‡µÜ‡¥°‡¥ø‡¥ï‡µç‡¥ï‡µΩ ‡¥ï‡µã‡¥≥‡µá‡¥ú‡¥ø‡µΩ ‡¥ö‡¥ø‡¥ï‡¥ø‡¥§‡µç‡¥∏ ‡¥§‡µá‡¥ü‡¥ø

#MPox #Alappuzha #MPoxSymptoms https://t.co/a3D86Bs7If",mathrubhuminews,Mathrubhumi News,115415222,https://pbs.twimg.com/profile_images/1384578810004185091/OZmmBbWv_normal.jpg,https://pbs.twimg.com/profile_banners/115415222/1726464049,Twitter Web App,ml,no,0,0,2,0,202,no,,no,,no,no,,no,"MPox,Alappuzha,MPoxSymptoms",,https://pbs.twimg.com/media/GYAZbRMXoAA21y3.jpg,,,,
1835653984192778571,1835653984192778571,2024-09-16 12:16:29,1726488989,https://x.com/morosofdoom/status/1835653984192778571,#Mpox  i say big F..... https://t.co/vgRpBIKuKZ,morosofdoom,Olethros,1583476898381930511,https://pbs.twimg.com/profile_images/1592606678821867520/09-1FPxK_normal.jpg,https://pbs.twimg.com/profile_banners/1583476898381930511/1666388891,Twitter for Android,en,no,0,0,0,0,1915,no,,no,,no,no,,no,Mpox,,https://pbs.twimg.com/media/GXmNkg5XgAAxd2D.jpg,,,,
1835758184151020027,1835758184151020027,2024-09-16 19:10:32,1726513832,https://x.com/floresenelcongo/status/1835758184151020027,Seguimos de forma activa ayudando en la lucha de Mpox en el frente. La higiene es b√°sica para hacer curar bien y antes las heridas como en este bebe que ya est√° a salvo!! https://t.co/VPZB3cRQLh.   @EmbEspRDC @AECID_es https://t.co/Pnf4UBtdxK,floresenelcongo,Luis Flores,2256480714,https://pbs.twimg.com/profile_images/1830458040937508866/Lboo2Zqd_normal.jpg,https://pbs.twimg.com/profile_banners/2256480714/1628642910,Twitter for iPhone,es,no,7,1,13,3,3973,no,,no,,no,no,,no,,https://cooperaongd.eu/es/,,"https://pbs.twimg.com/ext_tw_video_thumb/1835757463229911041/pu/img/qqMs3AnX6stACR7u.jpg,https://pbs.twimg.com/ext_tw_video_thumb/1835757463229882368/pu/img/Hs_VPE6gIMs3vpxa.jpg","EmbEspRDC,AECID_es",,
1834115012027384250,1834115012027384250,2024-09-12 06:21:09,1726122069,https://x.com/antaranews/status/1834115012027384250,"[UTAS #ANTARANEWS]

Kemenkes sebut penggunaan vaksin Mpox di Indonesia telah mendapat persetujuan dari WHO dan BPOM, dan bukan vaksin eksperimental, sehingga dapat diberikan dalam situasi darurat kesehatan.

#Mpox #Kemenkes #WHO #BPOM
‚¨áÔ∏è‚¨áÔ∏è‚¨áÔ∏è https://t.co/sDrP1gJSmK",antaranews,antaranews.com,18071520,https://pbs.twimg.com/profile_images/1193345348573396992/Cd3dfZfq_normal.jpg,https://pbs.twimg.com/profile_banners/18071520/1705374403,Twitter for Android,in,no,4,1,6,1,811,no,,no,,no,no,,no,"ANTARANEWS,Mpox,Kemenkes,WHO,BPOM",,https://pbs.twimg.com/media/GXQV4hmawAAFdmc.jpg,,,,
1833970693391757742,1833970693391757742,2024-09-11 20:47:41,1726087661,https://x.com/ministeriosalud/status/1833970693391757742,"üíâLa vacuna contra el #Mpox es segura y efectiva.

Si formas parte de los siguientes grupos, debes vacunarte para proteger tu salud:

-Eres usuaria/o de PrEP.
-Tuviste contacto estrecho con una persona con Mpox.
-Eres trabajador/a sexual.
-Vives con VIH, independiente de tu edad. https://t.co/kB7rUyys3w",ministeriosalud,Ministerio de Salud,153825949,https://pbs.twimg.com/profile_images/1834303534348603393/Lfox0KC3_normal.jpg,https://pbs.twimg.com/profile_banners/153825949/1726167483,Metricool,es,no,5,5,8,0,3402,no,,no,,no,no,,no,Mpox,,"https://pbs.twimg.com/media/GXOSnUcXMAAApvZ.png,https://pbs.twimg.com/media/GXOSnqlWcAASUR3.png,https://pbs.twimg.com/media/GXOSn-OW4AA3ol0.png",,,,
1835484645317636555,1835482620756623436,2024-09-16 01:03:35,1726448615,https://x.com/SandySunset2/status/1835484645317636555,"@foundring1 Much respect, but I read their details, and they are highly intelligent https://t.co/id3Glbhcan",SandySunset2,Mpox Vaccine Inserts,1454244213231607809,https://pbs.twimg.com/profile_images/1762203000406216704/oIeBxgFQ_normal.jpg,https://pbs.twimg.com/profile_banners/1454244213231607809/1667930065,Twitter Web App,en,no,1,3,6,1,1995,no,,no,,no,yes,foundring1,no,,,https://pbs.twimg.com/media/GXjzOffW8AA1TOa.jpg,,foundring1,,
1836477328844820822,1836477328844820822,2024-09-18 18:48:09,1726685289,https://x.com/DPJINCCN_NK/status/1836477328844820822,#Sant√©: Les jeunes @ureport_rdc d√©plac√©s form√©s par la @DPJINCCN_NK avec @UNICEFDRC sensibilisent la communaut√© sur la pr√©vention de la #MPOX en mettant l'accent sur les causes et sympt√¥mes de cette maladie. Ils invitent les personnes pr√©sentant les signes √† se rendre √† l'h√¥pital https://t.co/hApY3njKe7,DPJINCCN_NK,Division Provinciale de la Jeunesse du Nord-Kivu,1757671068016185344,https://pbs.twimg.com/profile_images/1814580645831602176/3aUQ6UCJ_normal.jpg,https://pbs.twimg.com/profile_banners/1757671068016185344/1707897214,Twitter for Android,fr,no,1,1,7,0,212,no,,no,,no,no,,no,"Sant√©,MPOX",,"https://pbs.twimg.com/media/GXx6YnZXYAAp1tl.jpg,https://pbs.twimg.com/media/GXx6Yq3XIAAjnnt.jpg,https://pbs.twimg.com/media/GXx6YtcXgAA4T64.jpg,https://pbs.twimg.com/media/GXx6YndWAAAbNUp.jpg",,"ureport_rdc,DPJINCCN_NK,UNICEFDRC",,
1835945439792714240,1835945439792714240,2024-09-17 07:34:37,1726558477,https://x.com/Yadomah/status/1835945439792714240,"We have a suspected case of Monky Pox in Zajeri camp from the assessment of a UK doctor. We urgently need a team of epidemiologists to assess the situation because it took us 2days to trace the woman. She was in town with relative, yesterday. We are all at risk. #MaiduguriFlood https://t.co/Ls8qRrHYdi",Yadomah,Yadomah Bukar Mandara,145954040,https://pbs.twimg.com/profile_images/1587154923816468480/ZgNr3L9r_normal.jpg,https://pbs.twimg.com/profile_banners/145954040/1528589434,Twitter for iPhone,en,no,354,26,193,36,38965,no,,no,,no,no,,no,MaiduguriFlood,,https://pbs.twimg.com/media/GXqWi7JW0AAoDTo.jpg,https://pbs.twimg.com/ext_tw_video_thumb/1835945324843511808/pu/img/rqRaHOJ0J_bqPdL6.jpg,,,
1837303779877867909,1837303779877867909,2024-09-21 01:32:11,1726882331,https://x.com/esdaogan/status/1837303779877867909,"Do you get it yet? 
We're all being played :'( 
Mpox https://t.co/pagBFnWDCw",esdaogan,üíâ‚ò£‚ò†,708705852413202432,https://pbs.twimg.com/profile_images/1827648712195383296/gKyO-UNn_normal.jpg,https://pbs.twimg.com/profile_banners/708705852413202432/1658753831,Twitter Web App,en,no,0,0,0,0,82,no,,no,,no,no,,no,,,https://pbs.twimg.com/media/GX9pl03aUAAPUzL.jpg,,,,
1835708081382232117,1835708081382232117,2024-09-16 15:51:27,1726501887,https://x.com/raziakhann/status/1835708081382232117,Mpox 6th confirmed case https://t.co/hZn1WsKXIH,raziakhann,Razya khan,902376715,https://pbs.twimg.com/profile_images/1683425542278660097/rQC_HFY__normal.jpg,https://pbs.twimg.com/profile_banners/902376715/1690548190,Twitter for Android,en,no,46,5,164,0,16139,no,,no,,no,no,,no,,,"https://pbs.twimg.com/media/GXm-w9QaQAET9xR.jpg,https://pbs.twimg.com/media/GXm-xTaaIAAnKXG.jpg",,,,
1837537535913787518,1837537535913787518,2024-09-21 17:01:03,1726938063,https://x.com/WHOAFRO/status/1837537535913787518,"Social media is rife with unproven cures for #mpox‚Äîdon't fall for them!
For proper treatment, seek medical advice if you show symptoms like fever or a rash. 

@viralfacts https://t.co/IQrbRwp5vW",WHOAFRO,WHO African Region,544389588,https://pbs.twimg.com/profile_images/902270882340593664/HoFjfREO_normal.jpg,https://pbs.twimg.com/profile_banners/544389588/1543908740,Hootsuite Inc.,en,no,0,0,3,0,134,no,,no,,no,no,,no,mpox,,,https://pbs.twimg.com/ext_tw_video_thumb/1837536073569685505/pu/img/T5yzAZMhntvKHisd.jpg,viralfacts,,
1837430254148767908,1837430254148767908,2024-09-21 09:54:45,1726912485,https://x.com/dlp_org/status/1837430254148767908,"La #FDA aprueba la vacuna contra #Mpox y advierte que puede causar la muerte en personas vacunadas y en contacto con ellas.

 https://t.co/DBNi2oRmcz",dlp_org,DLP Organizaci√≥n,1563645438506450945,https://pbs.twimg.com/profile_images/1563650617276604422/BkPrYnJI_normal.jpg,https://pbs.twimg.com/profile_banners/1563645438506450945/1661638333,Twitter for Android,es,no,1,1,1,0,78,no,,no,,no,no,,no,"FDA,Mpox",https://impactoespananoticias.com/contenido/25731/la-fda-aprueba-la-vacuna-contra-mpox-y-advierte-que-puede-causar-la-muerte-en-pe,,,,,
1837038993541587025,1837038993541587025,2024-09-20 08:00:01,1726819201,https://x.com/VOANews/status/1837038993541587025,"Congo gold-mining town is mpox hot spot as new strain spreads

https://t.co/Day7bUw3vJ https://t.co/CrlAdbUrAZ",VOANews,Voice of America,16273831,https://pbs.twimg.com/profile_images/1058347967990640640/xOHhZzzq_normal.jpg,https://pbs.twimg.com/profile_banners/16273831/1710792125,TweetDeck Web App,en,no,5,0,11,1,2085,no,,no,,no,no,,no,,https://www.voanews.com/a/congo-gold-mining-town-is-mpox-hot-spot-as-new-strain-spreads-/7790474.html,https://pbs.twimg.com/media/GX3wolfXkAAVZCI.jpg,,,,
1836057210465443932,1836057210465443932,2024-09-17 14:58:45,1726585125,https://x.com/Rilimayouth/status/1836057210465443932,"Muri gahunda yo gukangurira abaturage kwirinda icyorezo cy'ubushita (MPOX) urubyiruko muri @RilimaBugesera rwangenzuye insengero ndetse n'amashuri barebera hamwe uko ingamba zo kwirinda icyorezo z'ubahirizwa, urubyiruko kandi rwakanguriye abanyeshuri gukaraba intoki Kandi neza https://t.co/ZeJbDeGUq9",Rilimayouth,RilimaYouthCouncil,1516354457365274640,https://pbs.twimg.com/profile_images/1516368684540960771/x_9j17jK_normal.jpg,https://pbs.twimg.com/profile_banners/1516354457365274640/1698053409,Twitter for Android,in,no,4,0,7,0,425,no,,no,,no,no,,no,,,"https://pbs.twimg.com/media/GXr8S3AWkAA8Vne.jpg,https://pbs.twimg.com/media/GXr8S7DWIAA8llq.jpg,https://pbs.twimg.com/media/GXr8TX1WYAAv8zw.jpg",,RilimaBugesera,,
1837497884444447129,1837497884444447129,2024-09-21 14:23:29,1726928609,https://x.com/Pan_Africanisim/status/1837497884444447129,"""Hakuna anayezungumzia kwa nini mji wa mgodi wa Congo ni kitovu cha maambukizi ya Mpox? Ulimwengu unakusudia kupunguza idadi ya watu wa Congo kwa urahisi wa kudhibiti rasilimali zao."" https://t.co/0e2wvzQ0Th",Pan_Africanisim,Pan Africanist,1772741921930182656,https://pbs.twimg.com/profile_images/1833245059677831168/VX3Q8dLA_normal.jpg,https://pbs.twimg.com/profile_banners/1772741921930182656/1725914355,Twitter for Android,in,no,0,0,0,0,48,no,,no,,no,no,,no,,,https://pbs.twimg.com/media/GYAak-4WkAA46TH.jpg,,,,
1837522559736127639,1837522559736127639,2024-09-21 16:01:32,1726934492,https://x.com/TV5MONDEINFO/status/1837522559736127639,"Mpox : pourquoi sommes-nous √† court de vaccins ? Jean-Claude Manuguerra, de l'Institut Pasteur, revient sur le d√©clin mondial de l'immunit√©. https://t.co/oEFCcJhFPK",TV5MONDEINFO,TV5MONDE Info,105103721,https://pbs.twimg.com/profile_images/1468139462496591876/gFsgbdui_normal.png,https://pbs.twimg.com/profile_banners/105103721/1450105280,Yuzzit,fr,no,0,0,1,0,475,no,,no,,no,no,,no,,,,https://pbs.twimg.com/media/GYAxA_CW0AEAAmQ.jpg,,,
1835584996192452784,1835584996192452784,2024-09-16 07:42:21,1726472541,https://x.com/Wesley_Kibande/status/1835584996192452784,"For over 3 months now, this photo has been used to show that Mpox is real even in Western countries' media. What agenda is Bill Gates and his friends cooking for the world this time round? https://t.co/53gRz74S0z",Wesley_Kibande,Wesley Kibande,1149291667054301186,https://pbs.twimg.com/profile_images/1815706129688596480/P0Dcn0RA_normal.jpg,https://pbs.twimg.com/profile_banners/1149291667054301186/1723809865,Twitter for Android,en,no,4,3,13,0,3036,no,,no,,no,no,,no,,,https://pbs.twimg.com/media/GXlO00tWUAAnQUl.jpg,,,,
1834601682879008956,1834601682879008956,2024-09-13 14:35:01,1726238101,https://x.com/nicolasberrod/status/1834601682879008956,"üá≤üá¶ Le Maroc signale un cas de #mpox, le 1er en Afrique du Nord cette ann√©e. Le patient de 32 ans est √† l'isolement et il re√ßoit un traitement.

Contrairement √† ce que je lis beaucoup, on ne sait pas encore s'il s'agit du nouveau clade Ib (ce n'est nulle part dans le communiqu√©). https://t.co/e2WmAOWa0B",nicolasberrod,Nicolas Berrod,148034143,https://pbs.twimg.com/profile_images/1780634448234414081/DjmbqYBU_normal.jpg,https://pbs.twimg.com/profile_banners/148034143/1518429449,Twitter Web App,fr,no,3,6,9,1,2945,no,,no,,no,no,,no,mpox,,https://pbs.twimg.com/media/GXXPsPSWgAACAqK.jpg,,,,
1837137690996981796,1837137690996981796,2024-09-20 14:32:12,1726842732,https://x.com/sibnewsnetwork/status/1837137690996981796,"Dinkes Sumut: Wabah MPox di Nias Hoak
https://t.co/2unbLswGHJ https://t.co/w4nLav7h1l",sibnewsnetwork,SNN | SIB News Network,2208471464,https://pbs.twimg.com/profile_images/1791192771174465538/sby_kO___normal.jpg,https://pbs.twimg.com/profile_banners/2208471464/1714977491,Twitter Web App,in,no,0,0,0,0,41,no,,no,,no,no,,no,,https://www.hariansib.com/Kesehatan/411304/dinkes-sumut-wabah-mpox-di-nias-hoak/,https://pbs.twimg.com/media/GX7Srf2bEAAnBSX.jpg,,,,
1835568247585865831,1835568247585865831,2024-09-16 06:35:48,1726468548,https://x.com/LMathinji/status/1835568247585865831,"""Stay stylish and comfortable in our classic Polo T-shirts‚Äîtimeless fashion""

‚úîÔ∏è1800/=
‚úîÔ∏èM....XXL
‚úîÔ∏è0701672150

Nairobi Hospital Germany Morara Adani Group Riggy G Ndindi Nyoro Cassypool 250,000 Kenyans Starlink Kenyatta Aoko Osama Kasarani Meru Amad State House Mpox https://t.co/G0tkz6ISOe",LMathinji,Lyndon's Collectionsüá∞üá™üá∞üá™,701851185192574976,https://pbs.twimg.com/profile_images/1577872185468788736/OF8T_tGH_normal.jpg,https://pbs.twimg.com/profile_banners/701851185192574976/1724735981,Twitter for Android,en,no,1,2,12,0,19846,no,,no,,no,no,,no,,,"https://pbs.twimg.com/media/GXk_kkhWcAAlD4h.jpg,https://pbs.twimg.com/media/GXk_kn0W0AAvd_J.jpg,https://pbs.twimg.com/media/GXk_kn6XAAAeFMc.jpg",,,,
1837166831657750844,1837166831657750844,2024-09-20 16:28:00,1726849680,https://x.com/SeremiSaludRM/status/1837166831657750844,"El #Mpox se transmite principalmente por contacto cercano con lesiones, fluidos corporales infectados o materiales contaminados.

En el link, m√°s detalles: https://t.co/vPhmGvHO30 https://t.co/xCxXZmbEJ6",SeremiSaludRM,Seremi de Salud RM,1691317550,https://pbs.twimg.com/profile_images/1785428954465157120/ItfpFgqa_normal.jpg,https://pbs.twimg.com/profile_banners/1691317550/1710168356,Twitter Web App,es,no,0,0,0,0,324,no,,no,,no,no,,no,Mpox,https://www.minsal.cl/viruela-del-mono/,"https://pbs.twimg.com/media/GXn-Hd3XwAAyqRW.jpg,https://pbs.twimg.com/media/GXn-Hd9X0AAd475.jpg,https://pbs.twimg.com/media/GXn-Hd-WkAAmAPE.jpg,https://pbs.twimg.com/media/GXn-Hd5XAAAV0Sj.jpg",,,,
1837528578591990256,1837528578591990256,2024-09-21 16:25:27,1726935927,https://x.com/cgtnafrica/status/1837528578591990256,"The cumulative total confirmed Mpox cases in Uganda has reached 22, according to the country's Ministry of Health. https://t.co/7amhUtVi3C",cgtnafrica,CGTN Africa,619855057,https://pbs.twimg.com/profile_images/1506195652790861827/oE29V8D4_normal.jpg,https://pbs.twimg.com/profile_banners/619855057/1647951460,Twitter Web App,en,no,0,0,0,0,227,no,,no,,no,no,,no,,,https://pbs.twimg.com/media/GYA2fl5b0AAjlay.jpg,,,,
1834910998244839787,1834910998244839787,2024-09-14 11:04:07,1726311847,https://x.com/XHNews/status/1834910998244839787,"Africa CDC has called for further strengthening mpox detection and surveillance measures as the total number of cases in Africa climbed to 26,543, including 5,732 confirmed cases and 724 deaths, since the start of 2024 https://t.co/H5xdwrs3iT https://t.co/aKDmDgMgRQ",XHNews,China Xinhua News,487118986,https://pbs.twimg.com/profile_images/1246686019241398274/swhowkA5_normal.jpg,https://pbs.twimg.com/profile_banners/487118986/1586067539,China Xinhua News V2,en,no,5,3,13,1,6184,no,,no,,no,no,,no,,http://xhtxs.cn/W43,"https://pbs.twimg.com/media/GXbp0yfWEAABDPT.jpg,https://pbs.twimg.com/media/GXbp066WUAAsUdh.jpg,https://pbs.twimg.com/media/GXbp1C0WAAA1cKn.jpg",,,,
1835034562029670690,1835034562029670690,2024-09-14 19:15:07,1726341307,https://x.com/elespectador/status/1835034562029670690,Tras dos meses de haber declarado emergencia de salud p√∫blica internacional.üëâüîóhttps://t.co/9EkMyLA0TG https://t.co/sX4zt5izZs,elespectador,El Espectador,14834302,https://pbs.twimg.com/profile_images/999771584410796032/GTT99F00_normal.jpg,https://pbs.twimg.com/profile_banners/14834302/1722877082,SocialFlow,es,no,3,6,10,0,5712,no,,no,,no,no,,no,,https://trib.al/ku29VOI,https://pbs.twimg.com/media/GXdaNWtXgAAIBck.jpg,,,,
1837417538868695064,1837104230022148465,2024-09-21 09:04:13,1726909453,https://x.com/christc77/status/1837417538868695064,@yigenga Nyenicubahiro arabe aje arikingira mbona #Mpox itavyoroheje aha iwacu. Dusumvya abagwayi Congo kandi ariyo yaje ituruka https://t.co/VTtA9gl0Rz,christc77,Chris,3294588946,https://pbs.twimg.com/profile_images/1677473293924810752/2cGTRRJ3_normal.jpg,https://pbs.twimg.com/profile_banners/3294588946/1719563280,Twitter for Android,in,no,0,0,0,0,214,no,,no,,no,yes,yigenga,no,Mpox,,"https://pbs.twimg.com/media/GX_Rg2RXcAA5MfG.jpg,https://pbs.twimg.com/media/GX_Rg5BXgAAfDcd.jpg,https://pbs.twimg.com/media/GX_Rg7iWoAAz0ha.jpg",,yigenga,,
1837528895999893578,1837528895999893578,2024-09-21 16:26:43,1726936003,https://x.com/XHSwahili/status/1837528895999893578,"Jumla ya kesi za ugonjwa wa mpox barani Afrika zimeongezeka hadi 29,152, ikijumuisha kesi 6,105 zilizothibitishwa na vifo 738, tangu kuanza kwa 2024, kulingana na Vituo vya Afrika vya Kudhibiti na Kuzuia Magonjwa (Africa CDC). #Africa #mpox2024 
https://t.co/alvkwgxo0k https://t.co/yZ3KkxeYon",XHSwahili,@XHSwahili,3375411646,https://pbs.twimg.com/profile_images/1246703908187185153/XAGRfsy9_normal.jpg,https://pbs.twimg.com/profile_banners/3375411646/1681800572,Twitter Web App,in,no,0,0,0,0,17,no,,no,,no,no,,no,"Africa,mpox2024",http://xhtxs.cn/XfT,"https://pbs.twimg.com/media/GYA2tt6XwAAL2r1.jpg,https://pbs.twimg.com/media/GYA2tqYXAAAfytJ.jpg",,,,
